category,count,value_mean,value_std,amount_sum
B,26,19.968461538461536,5.000289345474075,523991.51
A,20,18.041,4.312682520927757,595271.89
C,20,20.215,6.41622080929921,699248.3
D,18,19.13111111111111,4.189408057146146,586308.21
E,16,18.566875,3.8802108512296076,376303.72000000003
