,count,mean,std,min,25%,50%,75%,max
id,100.0,50.5,29.011491975882016,1.0,25.75,50.5,75.25,100.0
value,100.0,19.257299999999997,4.876093165184146,8.16,15.58,19.185000000000002,22.7475,32.35
amount,100.0,27811.236299999993,27765.546388525996,1865.58,11213.89,19478.675000000003,32600.74,174302.41
